epoch,train_loss,train_ce,train_mse,train_distill,train_consol,val_loss,val_ce,val_mse,val_distill,val_tot_acc,val_acc,val_f1,val_pre
0,2.234882,2.208683,0.079905,0.182056,0.000254,2.226539,2.200533,0.090296,0.169770,"tensor(0.1297, device='cuda:1')","tensor([0.0000, 0.0000, 0.0000, 0.0227, 0.1034, 0.0000, 0.0000, 0.7600, 0.2069],
       device='cuda:1')","tensor(0.0622, device='cuda:1')","tensor(0.0616, device='cuda:1')"
1,2.232685,2.206508,0.079820,0.181937,0.000121,2.221699,2.195252,0.091519,0.172950,"tensor(0.1324, device='cuda:1')","tensor([0.0000, 0.0000, 0.0000, 0.0227, 0.1724, 0.0000, 0.0000, 0.7400, 0.2069],
       device='cuda:1')","tensor(0.0734, device='cuda:1')","tensor(0.0943, device='cuda:1')"
2,2.223949,2.197858,0.079276,0.181621,0.000116,2.207580,2.181119,0.091762,0.172846,"tensor(0.1676, device='cuda:1')","tensor([0.0000, 0.0000, 0.0341, 0.0909, 0.3103, 0.0417, 0.0000, 0.7200, 0.3103],
       device='cuda:1')","tensor(0.1212, device='cuda:1')","tensor(0.2492, device='cuda:1')"
3,2.206335,2.180212,0.080194,0.181034,0.000113,2.182573,2.155914,0.094506,0.172090,"tensor(0.3189, device='cuda:1')","tensor([0.0000, 0.0857, 0.2045, 0.3864, 0.7241, 0.4167, 0.0250, 0.7000, 0.4483],
       device='cuda:1')","tensor(0.3073, device='cuda:1')","tensor(0.5208, device='cuda:1')"
4,2.177264,2.151056,0.081764,0.180309,0.000108,2.143866,2.116885,0.098476,0.171337,"tensor(0.5811, device='cuda:1')","tensor([0.1290, 0.2857, 0.5909, 0.6591, 0.9655, 0.9583, 0.4500, 0.7200, 0.5172],
       device='cuda:1')","tensor(0.5834, device='cuda:1')","tensor(0.7598, device='cuda:1')"
5,2.133553,2.107006,0.085952,0.179510,0.000100,2.084755,2.057318,0.102820,0.171548,"tensor(0.8027, device='cuda:1')","tensor([0.6129, 0.6857, 0.8864, 0.8409, 1.0000, 1.0000, 0.8500, 0.7000, 0.5862],
       device='cuda:1')","tensor(0.8024, device='cuda:1')","tensor(0.8345, device='cuda:1')"
6,2.067891,2.040806,0.091784,0.179055,0.000092,1.994894,1.966741,0.109787,0.171747,"tensor(0.8811, device='cuda:1')","tensor([0.8710, 0.8286, 0.9432, 0.9318, 1.0000, 1.0000, 0.9500, 0.7000, 0.6897],
       device='cuda:1')","tensor(0.8763, device='cuda:1')","tensor(0.8821, device='cuda:1')"
7,1.973487,1.945514,0.100928,0.178800,0.000083,1.873953,1.845114,0.115846,0.172539,"tensor(0.9189, device='cuda:1')","tensor([1.0000, 0.9429, 0.9659, 0.9773, 1.0000, 1.0000, 1.0000, 0.6400, 0.7931],
       device='cuda:1')","tensor(0.9135, device='cuda:1')","tensor(0.9108, device='cuda:1')"
8,1.859128,1.830388,0.108333,0.179059,0.000072,1.743321,1.713845,0.122484,0.172278,"tensor(0.9297, device='cuda:1')","tensor([1.0000, 0.9714, 0.9659, 0.9773, 1.0000, 1.0000, 1.0000, 0.6600, 0.8621],
       device='cuda:1')","tensor(0.9247, device='cuda:1')","tensor(0.9213, device='cuda:1')"
9,1.738365,1.708965,0.115997,0.178000,0.000062,1.609844,1.580032,0.126864,0.171252,"tensor(0.9432, device='cuda:1')","tensor([1.0000, 0.9714, 0.9886, 0.9773, 1.0000, 1.0000, 1.0000, 0.7200, 0.8621],
       device='cuda:1')","tensor(0.9392, device='cuda:1')","tensor(0.9383, device='cuda:1')"
10,1.618185,1.588397,0.120818,0.177058,0.000049,1.482436,1.452489,0.128541,0.170929,"tensor(0.9486, device='cuda:1')","tensor([1.0000, 0.9714, 0.9886, 0.9773, 1.0000, 1.0000, 1.0000, 0.7600, 0.8621],
       device='cuda:1')","tensor(0.9441, device='cuda:1')","tensor(0.9420, device='cuda:1')"
11,1.503144,1.473475,0.120121,0.176567,0.000039,1.362896,1.332977,0.128884,0.170313,"tensor(0.9568, device='cuda:1')","tensor([1.0000, 0.9714, 0.9886, 0.9773, 1.0000, 1.0000, 1.0000, 0.8200, 0.8621],
       device='cuda:1')","tensor(0.9525, device='cuda:1')","tensor(0.9505, device='cuda:1')"
12,1.395487,1.365682,0.122702,0.175346,0.000033,1.248928,1.218788,0.133202,0.168194,"tensor(0.9649, device='cuda:1')","tensor([1.0000, 0.9714, 0.9886, 0.9773, 1.0000, 1.0000, 1.0000, 0.8800, 0.8621],
       device='cuda:1')","tensor(0.9616, device='cuda:1')","tensor(0.9607, device='cuda:1')"
13,1.295616,1.265478,0.126917,0.174462,0.000031,1.147160,1.116422,0.140151,0.167229,"tensor(0.9703, device='cuda:1')","tensor([1.0000, 0.9714, 0.9886, 0.9773, 1.0000, 1.0000, 1.0000, 0.9200, 0.8621],
       device='cuda:1')","tensor(0.9662, device='cuda:1')","tensor(0.9652, device='cuda:1')"
14,1.204209,1.173805,0.130092,0.173941,0.000029,1.046394,1.015588,0.141670,0.166392,"tensor(0.9730, device='cuda:1')","tensor([1.0000, 0.9714, 0.9773, 0.9773, 1.0000, 1.0000, 1.0000, 0.9200, 0.9310],
       device='cuda:1')","tensor(0.9721, device='cuda:1')","tensor(0.9696, device='cuda:1')"
15,1.122644,1.091949,0.133767,0.173179,0.000025,0.962703,0.931754,0.144347,0.165142,"tensor(0.9703, device='cuda:1')","tensor([1.0000, 0.9429, 0.9773, 0.9773, 1.0000, 1.0000, 1.0000, 0.9400, 0.8966],
       device='cuda:1')","tensor(0.9684, device='cuda:1')","tensor(0.9675, device='cuda:1')"
16,1.050122,1.019450,0.134249,0.172466,0.000025,0.882003,0.850881,0.145822,0.165403,"tensor(0.9784, device='cuda:1')","tensor([1.0000, 0.9714, 0.9773, 0.9773, 1.0000, 1.0000, 1.0000, 0.9600, 0.9310],
       device='cuda:1')","tensor(0.9776, device='cuda:1')","tensor(0.9759, device='cuda:1')"
17,0.986136,0.955382,0.136101,0.171437,0.000024,0.810575,0.779496,0.147654,0.163136,"tensor(0.9784, device='cuda:1')","tensor([1.0000, 0.9714, 0.9773, 0.9773, 1.0000, 1.0000, 1.0000, 0.9600, 0.9310],
       device='cuda:1')","tensor(0.9776, device='cuda:1')","tensor(0.9759, device='cuda:1')"
18,0.930649,0.900254,0.133342,0.170601,0.000021,0.750270,0.719270,0.147702,0.162302,"tensor(0.9784, device='cuda:1')","tensor([1.0000, 0.9714, 0.9773, 0.9773, 1.0000, 1.0000, 1.0000, 0.9600, 0.9310],
       device='cuda:1')","tensor(0.9776, device='cuda:1')","tensor(0.9759, device='cuda:1')"
19,0.882871,0.852643,0.132518,0.169754,0.000019,0.698799,0.668070,0.145363,0.161920,"tensor(0.9784, device='cuda:1')","tensor([1.0000, 0.9714, 0.9773, 0.9773, 1.0000, 1.0000, 1.0000, 0.9600, 0.9310],
       device='cuda:1')","tensor(0.9776, device='cuda:1')","tensor(0.9759, device='cuda:1')"
20,0.841880,0.811864,0.131484,0.168673,0.000019,0.651585,0.620706,0.148288,0.160499,"tensor(0.9757, device='cuda:1')","tensor([1.0000, 0.9143, 0.9773, 0.9773, 1.0000, 1.0000, 1.0000, 0.9800, 0.9310],
       device='cuda:1')","tensor(0.9756, device='cuda:1')","tensor(0.9763, device='cuda:1')"
21,0.806641,0.776761,0.131286,0.167512,0.000018,0.607329,0.576256,0.151844,0.158880,"tensor(0.9757, device='cuda:1')","tensor([1.0000, 0.9143, 0.9773, 0.9773, 1.0000, 1.0000, 1.0000, 0.9800, 0.9310],
       device='cuda:1')","tensor(0.9756, device='cuda:1')","tensor(0.9763, device='cuda:1')"
22,0.776355,0.746371,0.133127,0.166718,0.000017,0.576752,0.545524,0.154095,0.158184,"tensor(0.9757, device='cuda:1')","tensor([1.0000, 0.9143, 0.9773, 0.9773, 1.0000, 1.0000, 1.0000, 0.9800, 0.9310],
       device='cuda:1')","tensor(0.9756, device='cuda:1')","tensor(0.9763, device='cuda:1')"
23,0.750319,0.720271,0.134590,0.165887,0.000017,0.541981,0.510954,0.152441,0.157831,"tensor(0.9784, device='cuda:1')","tensor([1.0000, 0.9429, 0.9773, 0.9773, 1.0000, 1.0000, 1.0000, 0.9800, 0.9310],
       device='cuda:1')","tensor(0.9779, device='cuda:1')","tensor(0.9776, device='cuda:1')"
24,0.728040,0.698002,0.135466,0.164906,0.000016,0.515585,0.484288,0.156881,0.156093,"tensor(0.9730, device='cuda:1')","tensor([1.0000, 0.9143, 0.9773, 0.9773, 1.0000, 1.0000, 0.9750, 0.9800, 0.9310],
       device='cuda:1')","tensor(0.9723, device='cuda:1')","tensor(0.9726, device='cuda:1')"
25,0.708543,0.678625,0.135214,0.163963,0.000016,0.486732,0.455616,0.155394,0.155766,"tensor(0.9730, device='cuda:1')","tensor([1.0000, 0.9143, 0.9773, 0.9773, 1.0000, 1.0000, 0.9750, 0.9800, 0.9310],
       device='cuda:1')","tensor(0.9723, device='cuda:1')","tensor(0.9726, device='cuda:1')"
26,0.692351,0.662586,0.134359,0.163287,0.000016,0.469934,0.438975,0.154854,0.154733,"tensor(0.9730, device='cuda:1')","tensor([1.0000, 0.9143, 0.9773, 0.9773, 1.0000, 1.0000, 0.9750, 0.9800, 0.9310],
       device='cuda:1')","tensor(0.9723, device='cuda:1')","tensor(0.9726, device='cuda:1')"
27,0.677757,0.648183,0.133112,0.162624,0.000015,0.451544,0.420762,0.153371,0.154454,"tensor(0.9730, device='cuda:1')","tensor([1.0000, 0.9143, 0.9773, 0.9773, 1.0000, 1.0000, 0.9750, 0.9800, 0.9310],
       device='cuda:1')","tensor(0.9723, device='cuda:1')","tensor(0.9726, device='cuda:1')"
28,0.665642,0.636365,0.131011,0.161760,0.000015,0.438108,0.407201,0.155361,0.153706,"tensor(0.9757, device='cuda:1')","tensor([1.0000, 0.9429, 0.9773, 0.9773, 1.0000, 1.0000, 0.9750, 0.9800, 0.9310],
       device='cuda:1')","tensor(0.9746, device='cuda:1')","tensor(0.9739, device='cuda:1')"
29,0.654961,0.625798,0.130428,0.161205,0.000014,0.421565,0.390942,0.153217,0.153009,"tensor(0.9730, device='cuda:1')","tensor([1.0000, 0.9143, 0.9773, 0.9773, 1.0000, 1.0000, 0.9750, 0.9800, 0.9310],
       device='cuda:1')","tensor(0.9723, device='cuda:1')","tensor(0.9726, device='cuda:1')"
30,0.645656,0.616814,0.127894,0.160527,0.000014,0.412316,0.381645,0.154395,0.152316,"tensor(0.9730, device='cuda:1')","tensor([1.0000, 0.9143, 0.9773, 0.9773, 1.0000, 1.0000, 0.9750, 0.9800, 0.9310],
       device='cuda:1')","tensor(0.9723, device='cuda:1')","tensor(0.9726, device='cuda:1')"
31,0.637718,0.609075,0.126517,0.159907,0.000013,0.403349,0.372785,0.153736,0.151898,"tensor(0.9730, device='cuda:1')","tensor([1.0000, 0.9143, 0.9773, 0.9773, 1.0000, 1.0000, 0.9750, 0.9800, 0.9310],
       device='cuda:1')","tensor(0.9723, device='cuda:1')","tensor(0.9726, device='cuda:1')"
32,0.630913,0.602469,0.125144,0.159286,0.000013,0.396639,0.366166,0.153485,0.151243,"tensor(0.9757, device='cuda:1')","tensor([1.0000, 0.9429, 0.9773, 0.9773, 1.0000, 1.0000, 0.9750, 0.9800, 0.9310],
       device='cuda:1')","tensor(0.9746, device='cuda:1')","tensor(0.9739, device='cuda:1')"
33,0.624789,0.596530,0.123921,0.158671,0.000013,0.383967,0.353380,0.155399,0.150476,"tensor(0.9730, device='cuda:1')","tensor([1.0000, 0.9143, 0.9773, 0.9773, 1.0000, 1.0000, 0.9750, 0.9800, 0.9310],
       device='cuda:1')","tensor(0.9723, device='cuda:1')","tensor(0.9726, device='cuda:1')"
34,0.619294,0.591281,0.122097,0.158036,0.000012,0.382785,0.352489,0.152532,0.150427,"tensor(0.9730, device='cuda:1')","tensor([1.0000, 0.9143, 0.9773, 0.9773, 1.0000, 1.0000, 0.9750, 0.9800, 0.9310],
       device='cuda:1')","tensor(0.9723, device='cuda:1')","tensor(0.9726, device='cuda:1')"
35,0.614849,0.586989,0.121071,0.157534,0.000012,0.375971,0.345651,0.153836,0.149356,"tensor(0.9730, device='cuda:1')","tensor([1.0000, 0.9143, 0.9773, 0.9773, 1.0000, 1.0000, 0.9750, 0.9800, 0.9310],
       device='cuda:1')","tensor(0.9723, device='cuda:1')","tensor(0.9726, device='cuda:1')"
36,0.611018,0.583339,0.119706,0.157082,0.000012,0.370601,0.340328,0.153435,0.149296,"tensor(0.9757, device='cuda:1')","tensor([1.0000, 0.9429, 0.9773, 0.9773, 1.0000, 1.0000, 0.9750, 0.9800, 0.9310],
       device='cuda:1')","tensor(0.9746, device='cuda:1')","tensor(0.9739, device='cuda:1')"
37,0.607673,0.580139,0.118601,0.156742,0.000012,0.365278,0.334950,0.154786,0.148498,"tensor(0.9730, device='cuda:1')","tensor([1.0000, 0.9143, 0.9773, 0.9773, 1.0000, 1.0000, 0.9750, 0.9800, 0.9310],
       device='cuda:1')","tensor(0.9723, device='cuda:1')","tensor(0.9726, device='cuda:1')"
38,0.604759,0.577442,0.116701,0.156469,0.000011,0.365399,0.335195,0.153253,0.148786,"tensor(0.9730, device='cuda:1')","tensor([1.0000, 0.9143, 0.9773, 0.9773, 1.0000, 1.0000, 0.9750, 0.9800, 0.9310],
       device='cuda:1')","tensor(0.9723, device='cuda:1')","tensor(0.9726, device='cuda:1')"
39,0.602333,0.575099,0.116228,0.156114,0.000011,0.357998,0.327782,0.154199,0.147964,"tensor(0.9730, device='cuda:1')","tensor([1.0000, 0.9143, 0.9773, 0.9773, 1.0000, 1.0000, 0.9750, 0.9800, 0.9310],
       device='cuda:1')","tensor(0.9723, device='cuda:1')","tensor(0.9726, device='cuda:1')"
40,0.600120,0.573049,0.115027,0.155684,0.000011,0.356625,0.326407,0.154347,0.147837,"tensor(0.9730, device='cuda:1')","tensor([1.0000, 0.9143, 0.9773, 0.9773, 1.0000, 1.0000, 0.9750, 0.9800, 0.9310],
       device='cuda:1')","tensor(0.9723, device='cuda:1')","tensor(0.9726, device='cuda:1')"
41,0.598444,0.571515,0.113729,0.155569,0.000011,0.355512,0.325260,0.154929,0.147587,"tensor(0.9730, device='cuda:1')","tensor([1.0000, 0.9143, 0.9773, 0.9773, 1.0000, 1.0000, 0.9750, 0.9800, 0.9310],
       device='cuda:1')","tensor(0.9723, device='cuda:1')","tensor(0.9726, device='cuda:1')"
42,0.596987,0.570159,0.112913,0.155359,0.000011,0.354957,0.324708,0.155165,0.147321,"tensor(0.9730, device='cuda:1')","tensor([1.0000, 0.9143, 0.9773, 0.9773, 1.0000, 1.0000, 0.9750, 0.9800, 0.9310],
       device='cuda:1')","tensor(0.9723, device='cuda:1')","tensor(0.9726, device='cuda:1')"
43,0.595854,0.569123,0.112048,0.155259,0.000011,0.352775,0.322503,0.155474,0.147254,"tensor(0.9730, device='cuda:1')","tensor([1.0000, 0.9143, 0.9773, 0.9773, 1.0000, 1.0000, 0.9750, 0.9800, 0.9310],
       device='cuda:1')","tensor(0.9723, device='cuda:1')","tensor(0.9726, device='cuda:1')"
